{
  "MECO": {
    "t": 2.0000000000000013,
    "h": 192.72504110699774,
    "V": 165.1946084536559
  },
  "apogee": {
    "t": 12.55415194363533,
    "h": 872.335042018845
  },
  "touchdown": {
    "t": 27.825693682878207
  },
  "maxima": {
    "h_max": 872.3352794851113,
    "V_max": 167.5289703028467,
    "a_max": 101.34963803161554
  },
  "final": {
    "t_end": 27.83000000000155
  }
}